{"app":["/app-4a5adaf3059bf0c312fa.js"],"component---src-pages-404-js":["/component---src-pages-404-js-66fd7f2874adcd913d0f.js"],"component---src-pages-bien-servicio-index-js":["/component---src-pages-bien-servicio-index-js-e7ef00759af6014cbb6b.js"],"component---src-pages-cost-center-index-js":["/component---src-pages-cost-center-index-js-b0e41b65e9c961c60e13.js"],"component---src-pages-dashboard-index-js":[],"component---src-pages-departament-index-js":["/component---src-pages-departament-index-js-c9ed7c5b53de896a94cd.js"],"component---src-pages-detail-reception-index-jsx":["/component---src-pages-detail-reception-index-jsx-5aa5a01c301d886a60d7.js"],"component---src-pages-email-history-index-js":["/component---src-pages-email-history-index-js-80df1145d5c917b42162.js"],"component---src-pages-index-js":["/component---src-pages-index-js-f4e1c5687830372643d2.js"],"component---src-pages-liberadores-index-js":["/component---src-pages-liberadores-index-js-23107301cca40088fef6.js"],"component---src-pages-order-statistics-index-js":["/component---src-pages-order-statistics-index-js-a905dd76baf77b0cde0c.js"],"component---src-pages-providers-[id]-index-js":["/component---src-pages-providers-[id]-index-js-9dade4aaeb5fc7a4faa6.js"],"component---src-pages-providers-index-js":["/component---src-pages-providers-index-js-edba96d007483de94a8e.js"],"component---src-pages-replacements-index-js":["/component---src-pages-replacements-index-js-8c8ffb649567ece19580.js"],"component---src-pages-requests-index-js":["/component---src-pages-requests-index-js-52af490eb5dffa4ec1aa.js"],"component---src-pages-requests-oc-[id]-index-js":["/component---src-pages-requests-oc-[id]-index-js-4ea88f226d47fbb45b23.js"],"component---src-pages-requests-oc-index-js":["/component---src-pages-requests-oc-index-js-2b405550460910919be6.js"],"component---src-pages-requests-oc-reception-delete-jsx":["/component---src-pages-requests-oc-reception-delete-jsx-e5af649bdb26f3bb64a7.js"],"component---src-pages-requests-oc-reception-enable-jsx":["/component---src-pages-requests-oc-reception-enable-jsx-7a670bc4bbb25a427611.js"],"component---src-pages-requests-oc-reception-index-js":["/component---src-pages-requests-oc-reception-index-js-734c78a5b1815a99a394.js"],"component---src-pages-send-email-index-js":["/component---src-pages-send-email-index-js-0a10e1e168477bcd8e55.js"],"component---src-pages-solicitud-index-js":["/component---src-pages-solicitud-index-js-6f9c81d23eed1f9bb336.js"],"component---src-pages-users-[id]-index-js":["/component---src-pages-users-[id]-index-js-5dbaa2b4af1ffb4bf53b.js"],"component---src-pages-users-index-js":["/component---src-pages-users-index-js-30088d919648418ffae9.js"]}