{"app":["/app-6227427e9e6d5dcd97b5.js"],"component---src-pages-404-js":["/component---src-pages-404-js-66fd7f2874adcd913d0f.js"],"component---src-pages-bien-servicio-index-js":["/component---src-pages-bien-servicio-index-js-a250eef92b633e54a143.js"],"component---src-pages-cost-center-index-js":["/component---src-pages-cost-center-index-js-bdd730aac38b465b9483.js"],"component---src-pages-dashboard-index-js":[],"component---src-pages-departament-index-js":["/component---src-pages-departament-index-js-cc99079c5c2363b094db.js"],"component---src-pages-detail-reception-index-jsx":["/component---src-pages-detail-reception-index-jsx-1e02fd77aa37b2f4081b.js"],"component---src-pages-email-history-index-js":["/component---src-pages-email-history-index-js-2f9483fd9deb616761a9.js"],"component---src-pages-index-js":["/component---src-pages-index-js-f4e1c5687830372643d2.js"],"component---src-pages-liberadores-index-js":["/component---src-pages-liberadores-index-js-dfd81bbb021b034f45c8.js"],"component---src-pages-order-statistics-index-js":["/component---src-pages-order-statistics-index-js-012247d0da40ac777506.js"],"component---src-pages-providers-[id]-index-js":["/component---src-pages-providers-[id]-index-js-9dade4aaeb5fc7a4faa6.js"],"component---src-pages-providers-index-js":["/component---src-pages-providers-index-js-6484c347837ceec58009.js"],"component---src-pages-replacements-index-js":["/component---src-pages-replacements-index-js-1541bd77549498eaf32c.js"],"component---src-pages-requests-index-js":["/component---src-pages-requests-index-js-8b078a8852eeca390c83.js"],"component---src-pages-requests-oc-[id]-index-js":["/component---src-pages-requests-oc-[id]-index-js-4ea88f226d47fbb45b23.js"],"component---src-pages-requests-oc-index-js":["/component---src-pages-requests-oc-index-js-2db264dc62ce07fd00d9.js"],"component---src-pages-requests-oc-reception-delete-jsx":["/component---src-pages-requests-oc-reception-delete-jsx-9450f7e42e754095a587.js"],"component---src-pages-requests-oc-reception-enable-jsx":["/component---src-pages-requests-oc-reception-enable-jsx-dc106a0d21c6c2045d3c.js"],"component---src-pages-requests-oc-reception-index-js":["/component---src-pages-requests-oc-reception-index-js-5fc548094bd50f9e581d.js"],"component---src-pages-send-email-index-js":["/component---src-pages-send-email-index-js-88c2c47b721e3b5dec6e.js"],"component---src-pages-solicitud-index-js":["/component---src-pages-solicitud-index-js-da9efe43846cb2f10a84.js"],"component---src-pages-users-[id]-index-js":["/component---src-pages-users-[id]-index-js-5dbaa2b4af1ffb4bf53b.js"],"component---src-pages-users-index-js":["/component---src-pages-users-index-js-4080eb1b274d84b237ab.js"]}