{"name":"build-javascript","namedChunkGroups":{"app":{"name":"app","assets":[{"name":"webpack-runtime-cdd8f6677d07aa229cfd.js","size":6339},{"name":"styles.06f6cf11ed37061510dc.css","size":394442},{"name":"framework-af2feae2a0a1c92dbbc1.js","size":141435},{"name":"019d026b-319aacfbf56d6808b0ba.js","size":1233},{"name":"app-6227427e9e6d5dcd97b5.js","size":762490}],"filteredAssets":0,"assetsSize":1305939,"filteredAuxiliaryAssets":42,"auxiliaryAssetsSize":9776279},"component---src-pages-404-js":{"name":"component---src-pages-404-js","assets":[{"name":"component---src-pages-404-js-66fd7f2874adcd913d0f.js","size":350}],"filteredAssets":0,"assetsSize":350,"filteredAuxiliaryAssets":1,"auxiliaryAssetsSize":446},"component---src-pages-bien-servicio-index-js":{"name":"component---src-pages-bien-servicio-index-js","assets":[{"name":"styles.06f6cf11ed37061510dc.css","size":394442},{"name":"framework-af2feae2a0a1c92dbbc1.js","size":141435},{"name":"cb355538-7112204668dd9e88b9e1.js","size":1991},{"name":"6682bd4c27354ee71cc4bcc2eb8d4625c5e00029-f7194bb51a53e08a12f0.js","size":78109},{"name":"a54b7b5c0e62b801f45bd44e7cc6116450dfbd76-e5c22fccee7322764797.js","size":93142},{"name":"69e684377f2bfa178f3e0e3edda4415391337097-6d803bfd7b2cb501ac8a.js","size":195544},{"name":"89bf8d32780bd5ea17239dc5de13172fcc61830c-24d8a65894c5fd9073e3.js","size":119838},{"name":"component---src-pages-bien-servicio-index-js-a250eef92b633e54a143.js","size":7412}],"filteredAssets":0,"assetsSize":1031913,"filteredAuxiliaryAssets":43,"auxiliaryAssetsSize":4428922},"component---src-pages-cost-center-index-js":{"name":"component---src-pages-cost-center-index-js","assets":[{"name":"styles.06f6cf11ed37061510dc.css","size":394442},{"name":"framework-af2feae2a0a1c92dbbc1.js","size":141435},{"name":"cb355538-7112204668dd9e88b9e1.js","size":1991},{"name":"6682bd4c27354ee71cc4bcc2eb8d4625c5e00029-f7194bb51a53e08a12f0.js","size":78109},{"name":"a54b7b5c0e62b801f45bd44e7cc6116450dfbd76-e5c22fccee7322764797.js","size":93142},{"name":"69e684377f2bfa178f3e0e3edda4415391337097-6d803bfd7b2cb501ac8a.js","size":195544},{"name":"89bf8d32780bd5ea17239dc5de13172fcc61830c-24d8a65894c5fd9073e3.js","size":119838},{"name":"component---src-pages-cost-center-index-js-bdd730aac38b465b9483.js","size":7556}],"filteredAssets":0,"assetsSize":1032057,"filteredAuxiliaryAssets":43,"auxiliaryAssetsSize":4429837},"component---src-pages-dashboard-index-js":{"name":"component---src-pages-dashboard-index-js","assets":[],"filteredAssets":0,"assetsSize":0,"filteredAuxiliaryAssets":0,"auxiliaryAssetsSize":0},"component---src-pages-departament-index-js":{"name":"component---src-pages-departament-index-js","assets":[{"name":"styles.06f6cf11ed37061510dc.css","size":394442},{"name":"framework-af2feae2a0a1c92dbbc1.js","size":141435},{"name":"cb355538-7112204668dd9e88b9e1.js","size":1991},{"name":"6682bd4c27354ee71cc4bcc2eb8d4625c5e00029-f7194bb51a53e08a12f0.js","size":78109},{"name":"a54b7b5c0e62b801f45bd44e7cc6116450dfbd76-e5c22fccee7322764797.js","size":93142},{"name":"69e684377f2bfa178f3e0e3edda4415391337097-6d803bfd7b2cb501ac8a.js","size":195544},{"name":"89bf8d32780bd5ea17239dc5de13172fcc61830c-24d8a65894c5fd9073e3.js","size":119838},{"name":"component---src-pages-departament-index-js-cc99079c5c2363b094db.js","size":8010}],"filteredAssets":0,"assetsSize":1032511,"filteredAuxiliaryAssets":43,"auxiliaryAssetsSize":4432391},"component---src-pages-detail-reception-index-jsx":{"name":"component---src-pages-detail-reception-index-jsx","assets":[{"name":"cb355538-7112204668dd9e88b9e1.js","size":1991},{"name":"6682bd4c27354ee71cc4bcc2eb8d4625c5e00029-f7194bb51a53e08a12f0.js","size":78109},{"name":"a54b7b5c0e62b801f45bd44e7cc6116450dfbd76-e5c22fccee7322764797.js","size":93142},{"name":"69e684377f2bfa178f3e0e3edda4415391337097-6d803bfd7b2cb501ac8a.js","size":195544},{"name":"8c2eb4fb1d7e9230e05d414290410abc47b25875-bb3e05e633bb1225a1f0.js","size":5604},{"name":"928b48eb24f45eaa4e9be56e8206748cae86fb94-8f25d700e153aa340b81.js","size":16628},{"name":"dcecc6c2595922f2b46237d632642105852434c2-09070ce8156111a755ac.js","size":24558},{"name":"component---src-pages-detail-reception-index-jsx-1e02fd77aa37b2f4081b.js","size":4451}],"filteredAssets":0,"assetsSize":420027,"filteredAuxiliaryAssets":8,"auxiliaryAssetsSize":3169802},"component---src-pages-email-history-index-js":{"name":"component---src-pages-email-history-index-js","assets":[{"name":"fea29d9f-02f2154a7711d1ee0aba.js","size":1109},{"name":"4577d2ec-eb9bae58c234c749bf30.js","size":974},{"name":"5d416436-bb3dd4fa69f955d0f89b.js","size":572},{"name":"6682bd4c27354ee71cc4bcc2eb8d4625c5e00029-f7194bb51a53e08a12f0.js","size":78109},{"name":"a54b7b5c0e62b801f45bd44e7cc6116450dfbd76-e5c22fccee7322764797.js","size":93142},{"name":"69e684377f2bfa178f3e0e3edda4415391337097-6d803bfd7b2cb501ac8a.js","size":195544},{"name":"8c2eb4fb1d7e9230e05d414290410abc47b25875-bb3e05e633bb1225a1f0.js","size":5604},{"name":"component---src-pages-email-history-index-js-2f9483fd9deb616761a9.js","size":6053}],"filteredAssets":0,"assetsSize":381107,"filteredAuxiliaryAssets":8,"auxiliaryAssetsSize":5128319},"component---src-pages-index-js":{"name":"component---src-pages-index-js","assets":[{"name":"component---src-pages-index-js-f4e1c5687830372643d2.js","size":297}],"filteredAssets":0,"assetsSize":297,"filteredAuxiliaryAssets":1,"auxiliaryAssetsSize":480},"component---src-pages-liberadores-index-js":{"name":"component---src-pages-liberadores-index-js","assets":[{"name":"styles.06f6cf11ed37061510dc.css","size":394442},{"name":"framework-af2feae2a0a1c92dbbc1.js","size":141435},{"name":"6682bd4c27354ee71cc4bcc2eb8d4625c5e00029-f7194bb51a53e08a12f0.js","size":78109},{"name":"a54b7b5c0e62b801f45bd44e7cc6116450dfbd76-e5c22fccee7322764797.js","size":93142},{"name":"69e684377f2bfa178f3e0e3edda4415391337097-6d803bfd7b2cb501ac8a.js","size":195544},{"name":"89bf8d32780bd5ea17239dc5de13172fcc61830c-24d8a65894c5fd9073e3.js","size":119838},{"name":"8c2eb4fb1d7e9230e05d414290410abc47b25875-bb3e05e633bb1225a1f0.js","size":5604},{"name":"component---src-pages-liberadores-index-js-dfd81bbb021b034f45c8.js","size":6569}],"filteredAssets":0,"assetsSize":1034683,"filteredAuxiliaryAssets":43,"auxiliaryAssetsSize":3054024},"component---src-pages-order-statistics-index-js":{"name":"component---src-pages-order-statistics-index-js","assets":[{"name":"styles.06f6cf11ed37061510dc.css","size":394442},{"name":"framework-af2feae2a0a1c92dbbc1.js","size":141435},{"name":"cb355538-7112204668dd9e88b9e1.js","size":1991},{"name":"2e3a845b-2e94e97b26a6efe934d7.js","size":925},{"name":"6682bd4c27354ee71cc4bcc2eb8d4625c5e00029-f7194bb51a53e08a12f0.js","size":78109},{"name":"a54b7b5c0e62b801f45bd44e7cc6116450dfbd76-e5c22fccee7322764797.js","size":93142},{"name":"69e684377f2bfa178f3e0e3edda4415391337097-6d803bfd7b2cb501ac8a.js","size":195544},{"name":"89bf8d32780bd5ea17239dc5de13172fcc61830c-24d8a65894c5fd9073e3.js","size":119838},{"name":"928b48eb24f45eaa4e9be56e8206748cae86fb94-8f25d700e153aa340b81.js","size":16628},{"name":"300432f9660e30c71feca5f329717fdadcf6e72e-96007a4e231dd9d9ab84.js","size":38014},{"name":"component---src-pages-order-statistics-index-js-012247d0da40ac777506.js","size":9852}],"filteredAssets":0,"assetsSize":1089920,"filteredAuxiliaryAssets":46,"auxiliaryAssetsSize":5421122},"component---src-pages-providers-[id]-index-js":{"name":"component---src-pages-providers-[id]-index-js","assets":[{"name":"6eb5140f-8187ae8b8b1e64df36cb.js","size":570},{"name":"6682bd4c27354ee71cc4bcc2eb8d4625c5e00029-f7194bb51a53e08a12f0.js","size":78109},{"name":"component---src-pages-providers-[id]-index-js-9dade4aaeb5fc7a4faa6.js","size":2803}],"filteredAssets":0,"assetsSize":81482,"filteredAuxiliaryAssets":3,"auxiliaryAssetsSize":693130},"component---src-pages-providers-index-js":{"name":"component---src-pages-providers-index-js","assets":[{"name":"styles.06f6cf11ed37061510dc.css","size":394442},{"name":"framework-af2feae2a0a1c92dbbc1.js","size":141435},{"name":"cb355538-7112204668dd9e88b9e1.js","size":1991},{"name":"2e3a845b-2e94e97b26a6efe934d7.js","size":925},{"name":"6682bd4c27354ee71cc4bcc2eb8d4625c5e00029-f7194bb51a53e08a12f0.js","size":78109},{"name":"a54b7b5c0e62b801f45bd44e7cc6116450dfbd76-e5c22fccee7322764797.js","size":93142},{"name":"69e684377f2bfa178f3e0e3edda4415391337097-6d803bfd7b2cb501ac8a.js","size":195544},{"name":"89bf8d32780bd5ea17239dc5de13172fcc61830c-24d8a65894c5fd9073e3.js","size":119838},{"name":"8c2eb4fb1d7e9230e05d414290410abc47b25875-bb3e05e633bb1225a1f0.js","size":5604},{"name":"928b48eb24f45eaa4e9be56e8206748cae86fb94-8f25d700e153aa340b81.js","size":16628},{"name":"300432f9660e30c71feca5f329717fdadcf6e72e-96007a4e231dd9d9ab84.js","size":38014},{"name":"component---src-pages-providers-index-js-6484c347837ceec58009.js","size":12784}],"filteredAssets":0,"assetsSize":1098456,"filteredAuxiliaryAssets":47,"auxiliaryAssetsSize":5468143},"component---src-pages-replacements-index-js":{"name":"component---src-pages-replacements-index-js","assets":[{"name":"styles.06f6cf11ed37061510dc.css","size":394442},{"name":"framework-af2feae2a0a1c92dbbc1.js","size":141435},{"name":"92977076-431088af0970acb41717.js","size":758},{"name":"6682bd4c27354ee71cc4bcc2eb8d4625c5e00029-f7194bb51a53e08a12f0.js","size":78109},{"name":"a54b7b5c0e62b801f45bd44e7cc6116450dfbd76-e5c22fccee7322764797.js","size":93142},{"name":"69e684377f2bfa178f3e0e3edda4415391337097-6d803bfd7b2cb501ac8a.js","size":195544},{"name":"89bf8d32780bd5ea17239dc5de13172fcc61830c-24d8a65894c5fd9073e3.js","size":119838},{"name":"8c2eb4fb1d7e9230e05d414290410abc47b25875-bb3e05e633bb1225a1f0.js","size":5604},{"name":"component---src-pages-replacements-index-js-1541bd77549498eaf32c.js","size":9134}],"filteredAssets":0,"assetsSize":1038006,"filteredAuxiliaryAssets":44,"auxiliaryAssetsSize":3280670},"component---src-pages-requests-index-js":{"name":"component---src-pages-requests-index-js","assets":[{"name":"styles.06f6cf11ed37061510dc.css","size":394442},{"name":"framework-af2feae2a0a1c92dbbc1.js","size":141435},{"name":"2e3a845b-2e94e97b26a6efe934d7.js","size":925},{"name":"fea29d9f-02f2154a7711d1ee0aba.js","size":1109},{"name":"92977076-431088af0970acb41717.js","size":758},{"name":"6682bd4c27354ee71cc4bcc2eb8d4625c5e00029-f7194bb51a53e08a12f0.js","size":78109},{"name":"a54b7b5c0e62b801f45bd44e7cc6116450dfbd76-e5c22fccee7322764797.js","size":93142},{"name":"69e684377f2bfa178f3e0e3edda4415391337097-6d803bfd7b2cb501ac8a.js","size":195544},{"name":"89bf8d32780bd5ea17239dc5de13172fcc61830c-24d8a65894c5fd9073e3.js","size":119838},{"name":"8c2eb4fb1d7e9230e05d414290410abc47b25875-bb3e05e633bb1225a1f0.js","size":5604},{"name":"928b48eb24f45eaa4e9be56e8206748cae86fb94-8f25d700e153aa340b81.js","size":16628},{"name":"300432f9660e30c71feca5f329717fdadcf6e72e-96007a4e231dd9d9ab84.js","size":38014},{"name":"54b8cdd8e3c161c1e471dedb1f45f2b7a2e46cbd-a4274150596910bc08cb.js","size":18452},{"name":"component---src-pages-requests-index-js-8b078a8852eeca390c83.js","size":12336}],"filteredAssets":0,"assetsSize":1116336,"filteredAuxiliaryAssets":49,"auxiliaryAssetsSize":6746085},"component---src-pages-requests-oc-[id]-index-js":{"name":"component---src-pages-requests-oc-[id]-index-js","assets":[{"name":"68c0a17d-a3d35e3a8b92c4857912.js","size":1557},{"name":"6682bd4c27354ee71cc4bcc2eb8d4625c5e00029-f7194bb51a53e08a12f0.js","size":78109},{"name":"component---src-pages-requests-oc-[id]-index-js-4ea88f226d47fbb45b23.js","size":4302}],"filteredAssets":0,"assetsSize":83968,"filteredAuxiliaryAssets":3,"auxiliaryAssetsSize":1254071},"component---src-pages-requests-oc-index-js":{"name":"component---src-pages-requests-oc-index-js","assets":[{"name":"styles.06f6cf11ed37061510dc.css","size":394442},{"name":"framework-af2feae2a0a1c92dbbc1.js","size":141435},{"name":"cb355538-7112204668dd9e88b9e1.js","size":1991},{"name":"fea29d9f-02f2154a7711d1ee0aba.js","size":1109},{"name":"92977076-431088af0970acb41717.js","size":758},{"name":"68c0a17d-a3d35e3a8b92c4857912.js","size":1557},{"name":"4577d2ec-eb9bae58c234c749bf30.js","size":974},{"name":"6682bd4c27354ee71cc4bcc2eb8d4625c5e00029-f7194bb51a53e08a12f0.js","size":78109},{"name":"a54b7b5c0e62b801f45bd44e7cc6116450dfbd76-e5c22fccee7322764797.js","size":93142},{"name":"69e684377f2bfa178f3e0e3edda4415391337097-6d803bfd7b2cb501ac8a.js","size":195544},{"name":"89bf8d32780bd5ea17239dc5de13172fcc61830c-24d8a65894c5fd9073e3.js","size":119838},{"name":"8c2eb4fb1d7e9230e05d414290410abc47b25875-bb3e05e633bb1225a1f0.js","size":5604},{"name":"928b48eb24f45eaa4e9be56e8206748cae86fb94-8f25d700e153aa340b81.js","size":16628},{"name":"300432f9660e30c71feca5f329717fdadcf6e72e-96007a4e231dd9d9ab84.js","size":38014},{"name":"54b8cdd8e3c161c1e471dedb1f45f2b7a2e46cbd-a4274150596910bc08cb.js","size":18452},{"name":"component---src-pages-requests-oc-index-js-2db264dc62ce07fd00d9.js","size":41787}],"filteredAssets":0,"assetsSize":1149384,"filteredAuxiliaryAssets":51,"auxiliaryAssetsSize":9319602},"component---src-pages-requests-oc-reception-delete-jsx":{"name":"component---src-pages-requests-oc-reception-delete-jsx","assets":[{"name":"cb355538-7112204668dd9e88b9e1.js","size":1991},{"name":"component---src-pages-requests-oc-reception-delete-jsx-9450f7e42e754095a587.js","size":1936}],"filteredAssets":0,"assetsSize":3927,"filteredAuxiliaryAssets":2,"auxiliaryAssetsSize":1414596},"component---src-pages-requests-oc-reception-enable-jsx":{"name":"component---src-pages-requests-oc-reception-enable-jsx","assets":[{"name":"component---src-pages-requests-oc-reception-enable-jsx-dc106a0d21c6c2045d3c.js","size":9381}],"filteredAssets":0,"assetsSize":9381,"filteredAuxiliaryAssets":1,"auxiliaryAssetsSize":31910},"component---src-pages-requests-oc-reception-index-js":{"name":"component---src-pages-requests-oc-reception-index-js","assets":[{"name":"cb355538-7112204668dd9e88b9e1.js","size":1991},{"name":"6682bd4c27354ee71cc4bcc2eb8d4625c5e00029-f7194bb51a53e08a12f0.js","size":78109},{"name":"a54b7b5c0e62b801f45bd44e7cc6116450dfbd76-e5c22fccee7322764797.js","size":93142},{"name":"69e684377f2bfa178f3e0e3edda4415391337097-6d803bfd7b2cb501ac8a.js","size":195544},{"name":"component---src-pages-requests-oc-reception-index-js-5fc548094bd50f9e581d.js","size":14909}],"filteredAssets":0,"assetsSize":383695,"filteredAuxiliaryAssets":5,"auxiliaryAssetsSize":3014941},"component---src-pages-send-email-index-js":{"name":"component---src-pages-send-email-index-js","assets":[{"name":"6682bd4c27354ee71cc4bcc2eb8d4625c5e00029-f7194bb51a53e08a12f0.js","size":78109},{"name":"a54b7b5c0e62b801f45bd44e7cc6116450dfbd76-e5c22fccee7322764797.js","size":93142},{"name":"69e684377f2bfa178f3e0e3edda4415391337097-6d803bfd7b2cb501ac8a.js","size":195544},{"name":"8c2eb4fb1d7e9230e05d414290410abc47b25875-bb3e05e633bb1225a1f0.js","size":5604},{"name":"component---src-pages-send-email-index-js-88c2c47b721e3b5dec6e.js","size":3988}],"filteredAssets":0,"assetsSize":376387,"filteredAuxiliaryAssets":5,"auxiliaryAssetsSize":1605023},"component---src-pages-solicitud-index-js":{"name":"component---src-pages-solicitud-index-js","assets":[{"name":"6682bd4c27354ee71cc4bcc2eb8d4625c5e00029-f7194bb51a53e08a12f0.js","size":78109},{"name":"a54b7b5c0e62b801f45bd44e7cc6116450dfbd76-e5c22fccee7322764797.js","size":93142},{"name":"928b48eb24f45eaa4e9be56e8206748cae86fb94-8f25d700e153aa340b81.js","size":16628},{"name":"dcecc6c2595922f2b46237d632642105852434c2-09070ce8156111a755ac.js","size":24558},{"name":"component---src-pages-solicitud-index-js-da9efe43846cb2f10a84.js","size":11415}],"filteredAssets":0,"assetsSize":223852,"filteredAuxiliaryAssets":5,"auxiliaryAssetsSize":907428},"component---src-pages-users-[id]-index-js":{"name":"component---src-pages-users-[id]-index-js","assets":[{"name":"6eb5140f-8187ae8b8b1e64df36cb.js","size":570},{"name":"6682bd4c27354ee71cc4bcc2eb8d4625c5e00029-f7194bb51a53e08a12f0.js","size":78109},{"name":"component---src-pages-users-[id]-index-js-5dbaa2b4af1ffb4bf53b.js","size":2224}],"filteredAssets":0,"assetsSize":80903,"filteredAuxiliaryAssets":3,"auxiliaryAssetsSize":691514},"component---src-pages-users-index-js":{"name":"component---src-pages-users-index-js","assets":[{"name":"styles.06f6cf11ed37061510dc.css","size":394442},{"name":"framework-af2feae2a0a1c92dbbc1.js","size":141435},{"name":"cb355538-7112204668dd9e88b9e1.js","size":1991},{"name":"2e3a845b-2e94e97b26a6efe934d7.js","size":925},{"name":"6682bd4c27354ee71cc4bcc2eb8d4625c5e00029-f7194bb51a53e08a12f0.js","size":78109},{"name":"a54b7b5c0e62b801f45bd44e7cc6116450dfbd76-e5c22fccee7322764797.js","size":93142},{"name":"69e684377f2bfa178f3e0e3edda4415391337097-6d803bfd7b2cb501ac8a.js","size":195544},{"name":"89bf8d32780bd5ea17239dc5de13172fcc61830c-24d8a65894c5fd9073e3.js","size":119838},{"name":"8c2eb4fb1d7e9230e05d414290410abc47b25875-bb3e05e633bb1225a1f0.js","size":5604},{"name":"component---src-pages-users-index-js-4080eb1b274d84b237ab.js","size":13899}],"filteredAssets":0,"assetsSize":1044929,"filteredAuxiliaryAssets":45,"auxiliaryAssetsSize":5253683}},"assetsByChunkName":{"app":["webpack-runtime-cdd8f6677d07aa229cfd.js","styles.06f6cf11ed37061510dc.css","framework-af2feae2a0a1c92dbbc1.js","019d026b-319aacfbf56d6808b0ba.js","app-6227427e9e6d5dcd97b5.js"],"component---src-pages-404-js":["component---src-pages-404-js-66fd7f2874adcd913d0f.js"],"component---src-pages-bien-servicio-index-js":["styles.06f6cf11ed37061510dc.css","framework-af2feae2a0a1c92dbbc1.js","cb355538-7112204668dd9e88b9e1.js","6682bd4c27354ee71cc4bcc2eb8d4625c5e00029-f7194bb51a53e08a12f0.js","a54b7b5c0e62b801f45bd44e7cc6116450dfbd76-e5c22fccee7322764797.js","69e684377f2bfa178f3e0e3edda4415391337097-6d803bfd7b2cb501ac8a.js","89bf8d32780bd5ea17239dc5de13172fcc61830c-24d8a65894c5fd9073e3.js","component---src-pages-bien-servicio-index-js-a250eef92b633e54a143.js"],"component---src-pages-cost-center-index-js":["styles.06f6cf11ed37061510dc.css","framework-af2feae2a0a1c92dbbc1.js","cb355538-7112204668dd9e88b9e1.js","6682bd4c27354ee71cc4bcc2eb8d4625c5e00029-f7194bb51a53e08a12f0.js","a54b7b5c0e62b801f45bd44e7cc6116450dfbd76-e5c22fccee7322764797.js","69e684377f2bfa178f3e0e3edda4415391337097-6d803bfd7b2cb501ac8a.js","89bf8d32780bd5ea17239dc5de13172fcc61830c-24d8a65894c5fd9073e3.js","component---src-pages-cost-center-index-js-bdd730aac38b465b9483.js"],"component---src-pages-dashboard-index-js":[],"component---src-pages-departament-index-js":["styles.06f6cf11ed37061510dc.css","framework-af2feae2a0a1c92dbbc1.js","cb355538-7112204668dd9e88b9e1.js","6682bd4c27354ee71cc4bcc2eb8d4625c5e00029-f7194bb51a53e08a12f0.js","a54b7b5c0e62b801f45bd44e7cc6116450dfbd76-e5c22fccee7322764797.js","69e684377f2bfa178f3e0e3edda4415391337097-6d803bfd7b2cb501ac8a.js","89bf8d32780bd5ea17239dc5de13172fcc61830c-24d8a65894c5fd9073e3.js","component---src-pages-departament-index-js-cc99079c5c2363b094db.js"],"component---src-pages-detail-reception-index-jsx":["cb355538-7112204668dd9e88b9e1.js","6682bd4c27354ee71cc4bcc2eb8d4625c5e00029-f7194bb51a53e08a12f0.js","a54b7b5c0e62b801f45bd44e7cc6116450dfbd76-e5c22fccee7322764797.js","69e684377f2bfa178f3e0e3edda4415391337097-6d803bfd7b2cb501ac8a.js","8c2eb4fb1d7e9230e05d414290410abc47b25875-bb3e05e633bb1225a1f0.js","928b48eb24f45eaa4e9be56e8206748cae86fb94-8f25d700e153aa340b81.js","dcecc6c2595922f2b46237d632642105852434c2-09070ce8156111a755ac.js","component---src-pages-detail-reception-index-jsx-1e02fd77aa37b2f4081b.js"],"component---src-pages-email-history-index-js":["fea29d9f-02f2154a7711d1ee0aba.js","4577d2ec-eb9bae58c234c749bf30.js","5d416436-bb3dd4fa69f955d0f89b.js","6682bd4c27354ee71cc4bcc2eb8d4625c5e00029-f7194bb51a53e08a12f0.js","a54b7b5c0e62b801f45bd44e7cc6116450dfbd76-e5c22fccee7322764797.js","69e684377f2bfa178f3e0e3edda4415391337097-6d803bfd7b2cb501ac8a.js","8c2eb4fb1d7e9230e05d414290410abc47b25875-bb3e05e633bb1225a1f0.js","component---src-pages-email-history-index-js-2f9483fd9deb616761a9.js"],"component---src-pages-index-js":["component---src-pages-index-js-f4e1c5687830372643d2.js"],"component---src-pages-liberadores-index-js":["styles.06f6cf11ed37061510dc.css","framework-af2feae2a0a1c92dbbc1.js","6682bd4c27354ee71cc4bcc2eb8d4625c5e00029-f7194bb51a53e08a12f0.js","a54b7b5c0e62b801f45bd44e7cc6116450dfbd76-e5c22fccee7322764797.js","69e684377f2bfa178f3e0e3edda4415391337097-6d803bfd7b2cb501ac8a.js","89bf8d32780bd5ea17239dc5de13172fcc61830c-24d8a65894c5fd9073e3.js","8c2eb4fb1d7e9230e05d414290410abc47b25875-bb3e05e633bb1225a1f0.js","component---src-pages-liberadores-index-js-dfd81bbb021b034f45c8.js"],"component---src-pages-order-statistics-index-js":["styles.06f6cf11ed37061510dc.css","framework-af2feae2a0a1c92dbbc1.js","cb355538-7112204668dd9e88b9e1.js","2e3a845b-2e94e97b26a6efe934d7.js","6682bd4c27354ee71cc4bcc2eb8d4625c5e00029-f7194bb51a53e08a12f0.js","a54b7b5c0e62b801f45bd44e7cc6116450dfbd76-e5c22fccee7322764797.js","69e684377f2bfa178f3e0e3edda4415391337097-6d803bfd7b2cb501ac8a.js","89bf8d32780bd5ea17239dc5de13172fcc61830c-24d8a65894c5fd9073e3.js","928b48eb24f45eaa4e9be56e8206748cae86fb94-8f25d700e153aa340b81.js","300432f9660e30c71feca5f329717fdadcf6e72e-96007a4e231dd9d9ab84.js","component---src-pages-order-statistics-index-js-012247d0da40ac777506.js"],"component---src-pages-providers-[id]-index-js":["6eb5140f-8187ae8b8b1e64df36cb.js","6682bd4c27354ee71cc4bcc2eb8d4625c5e00029-f7194bb51a53e08a12f0.js","component---src-pages-providers-[id]-index-js-9dade4aaeb5fc7a4faa6.js"],"component---src-pages-providers-index-js":["styles.06f6cf11ed37061510dc.css","framework-af2feae2a0a1c92dbbc1.js","cb355538-7112204668dd9e88b9e1.js","2e3a845b-2e94e97b26a6efe934d7.js","6682bd4c27354ee71cc4bcc2eb8d4625c5e00029-f7194bb51a53e08a12f0.js","a54b7b5c0e62b801f45bd44e7cc6116450dfbd76-e5c22fccee7322764797.js","69e684377f2bfa178f3e0e3edda4415391337097-6d803bfd7b2cb501ac8a.js","89bf8d32780bd5ea17239dc5de13172fcc61830c-24d8a65894c5fd9073e3.js","8c2eb4fb1d7e9230e05d414290410abc47b25875-bb3e05e633bb1225a1f0.js","928b48eb24f45eaa4e9be56e8206748cae86fb94-8f25d700e153aa340b81.js","300432f9660e30c71feca5f329717fdadcf6e72e-96007a4e231dd9d9ab84.js","component---src-pages-providers-index-js-6484c347837ceec58009.js"],"component---src-pages-replacements-index-js":["styles.06f6cf11ed37061510dc.css","framework-af2feae2a0a1c92dbbc1.js","92977076-431088af0970acb41717.js","6682bd4c27354ee71cc4bcc2eb8d4625c5e00029-f7194bb51a53e08a12f0.js","a54b7b5c0e62b801f45bd44e7cc6116450dfbd76-e5c22fccee7322764797.js","69e684377f2bfa178f3e0e3edda4415391337097-6d803bfd7b2cb501ac8a.js","89bf8d32780bd5ea17239dc5de13172fcc61830c-24d8a65894c5fd9073e3.js","8c2eb4fb1d7e9230e05d414290410abc47b25875-bb3e05e633bb1225a1f0.js","component---src-pages-replacements-index-js-1541bd77549498eaf32c.js"],"component---src-pages-requests-index-js":["styles.06f6cf11ed37061510dc.css","framework-af2feae2a0a1c92dbbc1.js","2e3a845b-2e94e97b26a6efe934d7.js","fea29d9f-02f2154a7711d1ee0aba.js","92977076-431088af0970acb41717.js","6682bd4c27354ee71cc4bcc2eb8d4625c5e00029-f7194bb51a53e08a12f0.js","a54b7b5c0e62b801f45bd44e7cc6116450dfbd76-e5c22fccee7322764797.js","69e684377f2bfa178f3e0e3edda4415391337097-6d803bfd7b2cb501ac8a.js","89bf8d32780bd5ea17239dc5de13172fcc61830c-24d8a65894c5fd9073e3.js","8c2eb4fb1d7e9230e05d414290410abc47b25875-bb3e05e633bb1225a1f0.js","928b48eb24f45eaa4e9be56e8206748cae86fb94-8f25d700e153aa340b81.js","300432f9660e30c71feca5f329717fdadcf6e72e-96007a4e231dd9d9ab84.js","54b8cdd8e3c161c1e471dedb1f45f2b7a2e46cbd-a4274150596910bc08cb.js","component---src-pages-requests-index-js-8b078a8852eeca390c83.js"],"component---src-pages-requests-oc-[id]-index-js":["68c0a17d-a3d35e3a8b92c4857912.js","6682bd4c27354ee71cc4bcc2eb8d4625c5e00029-f7194bb51a53e08a12f0.js","component---src-pages-requests-oc-[id]-index-js-4ea88f226d47fbb45b23.js"],"component---src-pages-requests-oc-index-js":["styles.06f6cf11ed37061510dc.css","framework-af2feae2a0a1c92dbbc1.js","cb355538-7112204668dd9e88b9e1.js","fea29d9f-02f2154a7711d1ee0aba.js","92977076-431088af0970acb41717.js","68c0a17d-a3d35e3a8b92c4857912.js","4577d2ec-eb9bae58c234c749bf30.js","6682bd4c27354ee71cc4bcc2eb8d4625c5e00029-f7194bb51a53e08a12f0.js","a54b7b5c0e62b801f45bd44e7cc6116450dfbd76-e5c22fccee7322764797.js","69e684377f2bfa178f3e0e3edda4415391337097-6d803bfd7b2cb501ac8a.js","89bf8d32780bd5ea17239dc5de13172fcc61830c-24d8a65894c5fd9073e3.js","8c2eb4fb1d7e9230e05d414290410abc47b25875-bb3e05e633bb1225a1f0.js","928b48eb24f45eaa4e9be56e8206748cae86fb94-8f25d700e153aa340b81.js","300432f9660e30c71feca5f329717fdadcf6e72e-96007a4e231dd9d9ab84.js","54b8cdd8e3c161c1e471dedb1f45f2b7a2e46cbd-a4274150596910bc08cb.js","component---src-pages-requests-oc-index-js-2db264dc62ce07fd00d9.js"],"component---src-pages-requests-oc-reception-delete-jsx":["cb355538-7112204668dd9e88b9e1.js","component---src-pages-requests-oc-reception-delete-jsx-9450f7e42e754095a587.js"],"component---src-pages-requests-oc-reception-enable-jsx":["component---src-pages-requests-oc-reception-enable-jsx-dc106a0d21c6c2045d3c.js"],"component---src-pages-requests-oc-reception-index-js":["cb355538-7112204668dd9e88b9e1.js","6682bd4c27354ee71cc4bcc2eb8d4625c5e00029-f7194bb51a53e08a12f0.js","a54b7b5c0e62b801f45bd44e7cc6116450dfbd76-e5c22fccee7322764797.js","69e684377f2bfa178f3e0e3edda4415391337097-6d803bfd7b2cb501ac8a.js","component---src-pages-requests-oc-reception-index-js-5fc548094bd50f9e581d.js"],"component---src-pages-send-email-index-js":["6682bd4c27354ee71cc4bcc2eb8d4625c5e00029-f7194bb51a53e08a12f0.js","a54b7b5c0e62b801f45bd44e7cc6116450dfbd76-e5c22fccee7322764797.js","69e684377f2bfa178f3e0e3edda4415391337097-6d803bfd7b2cb501ac8a.js","8c2eb4fb1d7e9230e05d414290410abc47b25875-bb3e05e633bb1225a1f0.js","component---src-pages-send-email-index-js-88c2c47b721e3b5dec6e.js"],"component---src-pages-solicitud-index-js":["6682bd4c27354ee71cc4bcc2eb8d4625c5e00029-f7194bb51a53e08a12f0.js","a54b7b5c0e62b801f45bd44e7cc6116450dfbd76-e5c22fccee7322764797.js","928b48eb24f45eaa4e9be56e8206748cae86fb94-8f25d700e153aa340b81.js","dcecc6c2595922f2b46237d632642105852434c2-09070ce8156111a755ac.js","component---src-pages-solicitud-index-js-da9efe43846cb2f10a84.js"],"component---src-pages-users-[id]-index-js":["6eb5140f-8187ae8b8b1e64df36cb.js","6682bd4c27354ee71cc4bcc2eb8d4625c5e00029-f7194bb51a53e08a12f0.js","component---src-pages-users-[id]-index-js-5dbaa2b4af1ffb4bf53b.js"],"component---src-pages-users-index-js":["styles.06f6cf11ed37061510dc.css","framework-af2feae2a0a1c92dbbc1.js","cb355538-7112204668dd9e88b9e1.js","2e3a845b-2e94e97b26a6efe934d7.js","6682bd4c27354ee71cc4bcc2eb8d4625c5e00029-f7194bb51a53e08a12f0.js","a54b7b5c0e62b801f45bd44e7cc6116450dfbd76-e5c22fccee7322764797.js","69e684377f2bfa178f3e0e3edda4415391337097-6d803bfd7b2cb501ac8a.js","89bf8d32780bd5ea17239dc5de13172fcc61830c-24d8a65894c5fd9073e3.js","8c2eb4fb1d7e9230e05d414290410abc47b25875-bb3e05e633bb1225a1f0.js","component---src-pages-users-index-js-4080eb1b274d84b237ab.js"]},"childAssetsByChunkName":{}}