{"name":"build-javascript","namedChunkGroups":{"app":{"name":"app","assets":[{"name":"webpack-runtime-63ef6b31f72040ad3c03.js","size":6265},{"name":"styles.09bed93a319823b685e4.css","size":394394},{"name":"framework-af2feae2a0a1c92dbbc1.js","size":141435},{"name":"019d026b-319aacfbf56d6808b0ba.js","size":1233},{"name":"app-52cc2a2585f30c2f1763.js","size":762503}],"filteredAssets":0,"assetsSize":1305830,"filteredAuxiliaryAssets":42,"auxiliaryAssetsSize":9776152},"component---src-pages-404-js":{"name":"component---src-pages-404-js","assets":[{"name":"component---src-pages-404-js-66fd7f2874adcd913d0f.js","size":350}],"filteredAssets":0,"assetsSize":350,"filteredAuxiliaryAssets":1,"auxiliaryAssetsSize":446},"component---src-pages-bien-servicio-index-js":{"name":"component---src-pages-bien-servicio-index-js","assets":[{"name":"styles.09bed93a319823b685e4.css","size":394394},{"name":"framework-af2feae2a0a1c92dbbc1.js","size":141435},{"name":"cb355538-7112204668dd9e88b9e1.js","size":1991},{"name":"6682bd4c27354ee71cc4bcc2eb8d4625c5e00029-f7194bb51a53e08a12f0.js","size":78109},{"name":"a54b7b5c0e62b801f45bd44e7cc6116450dfbd76-e5c22fccee7322764797.js","size":93142},{"name":"69e684377f2bfa178f3e0e3edda4415391337097-6d803bfd7b2cb501ac8a.js","size":195544},{"name":"580e93ef2d7703232d5b2ca30c03d5b7396f4734-7fba08e90755a5e39b50.js","size":118819},{"name":"component---src-pages-bien-servicio-index-js-e7ef00759af6014cbb6b.js","size":8392}],"filteredAssets":0,"assetsSize":1031826,"filteredAuxiliaryAssets":43,"auxiliaryAssetsSize":4428927},"component---src-pages-cost-center-index-js":{"name":"component---src-pages-cost-center-index-js","assets":[{"name":"styles.09bed93a319823b685e4.css","size":394394},{"name":"framework-af2feae2a0a1c92dbbc1.js","size":141435},{"name":"cb355538-7112204668dd9e88b9e1.js","size":1991},{"name":"6682bd4c27354ee71cc4bcc2eb8d4625c5e00029-f7194bb51a53e08a12f0.js","size":78109},{"name":"a54b7b5c0e62b801f45bd44e7cc6116450dfbd76-e5c22fccee7322764797.js","size":93142},{"name":"69e684377f2bfa178f3e0e3edda4415391337097-6d803bfd7b2cb501ac8a.js","size":195544},{"name":"580e93ef2d7703232d5b2ca30c03d5b7396f4734-7fba08e90755a5e39b50.js","size":118819},{"name":"component---src-pages-cost-center-index-js-b0e41b65e9c961c60e13.js","size":8536}],"filteredAssets":0,"assetsSize":1031970,"filteredAuxiliaryAssets":43,"auxiliaryAssetsSize":4429842},"component---src-pages-dashboard-index-js":{"name":"component---src-pages-dashboard-index-js","assets":[],"filteredAssets":0,"assetsSize":0,"filteredAuxiliaryAssets":0,"auxiliaryAssetsSize":0},"component---src-pages-departament-index-js":{"name":"component---src-pages-departament-index-js","assets":[{"name":"styles.09bed93a319823b685e4.css","size":394394},{"name":"framework-af2feae2a0a1c92dbbc1.js","size":141435},{"name":"cb355538-7112204668dd9e88b9e1.js","size":1991},{"name":"6682bd4c27354ee71cc4bcc2eb8d4625c5e00029-f7194bb51a53e08a12f0.js","size":78109},{"name":"a54b7b5c0e62b801f45bd44e7cc6116450dfbd76-e5c22fccee7322764797.js","size":93142},{"name":"69e684377f2bfa178f3e0e3edda4415391337097-6d803bfd7b2cb501ac8a.js","size":195544},{"name":"580e93ef2d7703232d5b2ca30c03d5b7396f4734-7fba08e90755a5e39b50.js","size":118819},{"name":"component---src-pages-departament-index-js-c9ed7c5b53de896a94cd.js","size":8990}],"filteredAssets":0,"assetsSize":1032424,"filteredAuxiliaryAssets":43,"auxiliaryAssetsSize":4432396},"component---src-pages-detail-reception-index-jsx":{"name":"component---src-pages-detail-reception-index-jsx","assets":[{"name":"cb355538-7112204668dd9e88b9e1.js","size":1991},{"name":"6682bd4c27354ee71cc4bcc2eb8d4625c5e00029-f7194bb51a53e08a12f0.js","size":78109},{"name":"a54b7b5c0e62b801f45bd44e7cc6116450dfbd76-e5c22fccee7322764797.js","size":93142},{"name":"69e684377f2bfa178f3e0e3edda4415391337097-6d803bfd7b2cb501ac8a.js","size":195544},{"name":"8c2eb4fb1d7e9230e05d414290410abc47b25875-560d69a15f763576302d.js","size":5886},{"name":"928b48eb24f45eaa4e9be56e8206748cae86fb94-8f25d700e153aa340b81.js","size":16628},{"name":"dcecc6c2595922f2b46237d632642105852434c2-e395dcdbe35a5e8d4f0f.js","size":24479},{"name":"component---src-pages-detail-reception-index-jsx-ed8184aca141f1699545.js","size":4195}],"filteredAssets":0,"assetsSize":419974,"filteredAuxiliaryAssets":8,"auxiliaryAssetsSize":3169639},"component---src-pages-email-history-index-js":{"name":"component---src-pages-email-history-index-js","assets":[{"name":"fea29d9f-02f2154a7711d1ee0aba.js","size":1109},{"name":"4577d2ec-eb9bae58c234c749bf30.js","size":974},{"name":"5d416436-bb3dd4fa69f955d0f89b.js","size":572},{"name":"6682bd4c27354ee71cc4bcc2eb8d4625c5e00029-f7194bb51a53e08a12f0.js","size":78109},{"name":"a54b7b5c0e62b801f45bd44e7cc6116450dfbd76-e5c22fccee7322764797.js","size":93142},{"name":"69e684377f2bfa178f3e0e3edda4415391337097-6d803bfd7b2cb501ac8a.js","size":195544},{"name":"8c2eb4fb1d7e9230e05d414290410abc47b25875-560d69a15f763576302d.js","size":5886},{"name":"component---src-pages-email-history-index-js-0d22401d771bc509eda8.js","size":5797}],"filteredAssets":0,"assetsSize":381133,"filteredAuxiliaryAssets":8,"auxiliaryAssetsSize":5128346},"component---src-pages-index-js":{"name":"component---src-pages-index-js","assets":[{"name":"component---src-pages-index-js-f4e1c5687830372643d2.js","size":297}],"filteredAssets":0,"assetsSize":297,"filteredAuxiliaryAssets":1,"auxiliaryAssetsSize":480},"component---src-pages-liberadores-index-js":{"name":"component---src-pages-liberadores-index-js","assets":[{"name":"styles.09bed93a319823b685e4.css","size":394394},{"name":"framework-af2feae2a0a1c92dbbc1.js","size":141435},{"name":"6682bd4c27354ee71cc4bcc2eb8d4625c5e00029-f7194bb51a53e08a12f0.js","size":78109},{"name":"a54b7b5c0e62b801f45bd44e7cc6116450dfbd76-e5c22fccee7322764797.js","size":93142},{"name":"69e684377f2bfa178f3e0e3edda4415391337097-6d803bfd7b2cb501ac8a.js","size":195544},{"name":"580e93ef2d7703232d5b2ca30c03d5b7396f4734-7fba08e90755a5e39b50.js","size":118819},{"name":"8c2eb4fb1d7e9230e05d414290410abc47b25875-560d69a15f763576302d.js","size":5886},{"name":"component---src-pages-liberadores-index-js-23107301cca40088fef6.js","size":7293}],"filteredAssets":0,"assetsSize":1034622,"filteredAuxiliaryAssets":43,"auxiliaryAssetsSize":3054055},"component---src-pages-order-statistics-index-js":{"name":"component---src-pages-order-statistics-index-js","assets":[{"name":"styles.09bed93a319823b685e4.css","size":394394},{"name":"framework-af2feae2a0a1c92dbbc1.js","size":141435},{"name":"cb355538-7112204668dd9e88b9e1.js","size":1991},{"name":"2e3a845b-2e94e97b26a6efe934d7.js","size":925},{"name":"6682bd4c27354ee71cc4bcc2eb8d4625c5e00029-f7194bb51a53e08a12f0.js","size":78109},{"name":"a54b7b5c0e62b801f45bd44e7cc6116450dfbd76-e5c22fccee7322764797.js","size":93142},{"name":"69e684377f2bfa178f3e0e3edda4415391337097-6d803bfd7b2cb501ac8a.js","size":195544},{"name":"580e93ef2d7703232d5b2ca30c03d5b7396f4734-7fba08e90755a5e39b50.js","size":118819},{"name":"928b48eb24f45eaa4e9be56e8206748cae86fb94-8f25d700e153aa340b81.js","size":16628},{"name":"300432f9660e30c71feca5f329717fdadcf6e72e-4383517de0e178238761.js","size":38738},{"name":"component---src-pages-order-statistics-index-js-608f0db56293905b93cf.js","size":10108}],"filteredAssets":0,"assetsSize":1089833,"filteredAuxiliaryAssets":46,"auxiliaryAssetsSize":5421096},"component---src-pages-providers-[id]-index-js":{"name":"component---src-pages-providers-[id]-index-js","assets":[{"name":"6eb5140f-8187ae8b8b1e64df36cb.js","size":570},{"name":"6682bd4c27354ee71cc4bcc2eb8d4625c5e00029-f7194bb51a53e08a12f0.js","size":78109},{"name":"component---src-pages-providers-[id]-index-js-9dade4aaeb5fc7a4faa6.js","size":2803}],"filteredAssets":0,"assetsSize":81482,"filteredAuxiliaryAssets":3,"auxiliaryAssetsSize":693130},"component---src-pages-providers-index-js":{"name":"component---src-pages-providers-index-js","assets":[{"name":"styles.09bed93a319823b685e4.css","size":394394},{"name":"framework-af2feae2a0a1c92dbbc1.js","size":141435},{"name":"cb355538-7112204668dd9e88b9e1.js","size":1991},{"name":"2e3a845b-2e94e97b26a6efe934d7.js","size":925},{"name":"6682bd4c27354ee71cc4bcc2eb8d4625c5e00029-f7194bb51a53e08a12f0.js","size":78109},{"name":"a54b7b5c0e62b801f45bd44e7cc6116450dfbd76-e5c22fccee7322764797.js","size":93142},{"name":"69e684377f2bfa178f3e0e3edda4415391337097-6d803bfd7b2cb501ac8a.js","size":195544},{"name":"580e93ef2d7703232d5b2ca30c03d5b7396f4734-7fba08e90755a5e39b50.js","size":118819},{"name":"8c2eb4fb1d7e9230e05d414290410abc47b25875-560d69a15f763576302d.js","size":5886},{"name":"928b48eb24f45eaa4e9be56e8206748cae86fb94-8f25d700e153aa340b81.js","size":16628},{"name":"300432f9660e30c71feca5f329717fdadcf6e72e-4383517de0e178238761.js","size":38738},{"name":"component---src-pages-providers-index-js-6484c347837ceec58009.js","size":12784}],"filteredAssets":0,"assetsSize":1098395,"filteredAuxiliaryAssets":47,"auxiliaryAssetsSize":5468142},"component---src-pages-replacements-index-js":{"name":"component---src-pages-replacements-index-js","assets":[{"name":"styles.09bed93a319823b685e4.css","size":394394},{"name":"framework-af2feae2a0a1c92dbbc1.js","size":141435},{"name":"92977076-431088af0970acb41717.js","size":758},{"name":"6682bd4c27354ee71cc4bcc2eb8d4625c5e00029-f7194bb51a53e08a12f0.js","size":78109},{"name":"a54b7b5c0e62b801f45bd44e7cc6116450dfbd76-e5c22fccee7322764797.js","size":93142},{"name":"69e684377f2bfa178f3e0e3edda4415391337097-6d803bfd7b2cb501ac8a.js","size":195544},{"name":"580e93ef2d7703232d5b2ca30c03d5b7396f4734-7fba08e90755a5e39b50.js","size":118819},{"name":"8c2eb4fb1d7e9230e05d414290410abc47b25875-560d69a15f763576302d.js","size":5886},{"name":"component---src-pages-replacements-index-js-8c8ffb649567ece19580.js","size":9858}],"filteredAssets":0,"assetsSize":1037945,"filteredAuxiliaryAssets":44,"auxiliaryAssetsSize":3280701},"component---src-pages-requests-index-js":{"name":"component---src-pages-requests-index-js","assets":[{"name":"styles.09bed93a319823b685e4.css","size":394394},{"name":"framework-af2feae2a0a1c92dbbc1.js","size":141435},{"name":"2e3a845b-2e94e97b26a6efe934d7.js","size":925},{"name":"fea29d9f-02f2154a7711d1ee0aba.js","size":1109},{"name":"92977076-431088af0970acb41717.js","size":758},{"name":"6682bd4c27354ee71cc4bcc2eb8d4625c5e00029-f7194bb51a53e08a12f0.js","size":78109},{"name":"a54b7b5c0e62b801f45bd44e7cc6116450dfbd76-e5c22fccee7322764797.js","size":93142},{"name":"69e684377f2bfa178f3e0e3edda4415391337097-6d803bfd7b2cb501ac8a.js","size":195544},{"name":"580e93ef2d7703232d5b2ca30c03d5b7396f4734-7fba08e90755a5e39b50.js","size":118819},{"name":"8c2eb4fb1d7e9230e05d414290410abc47b25875-560d69a15f763576302d.js","size":5886},{"name":"928b48eb24f45eaa4e9be56e8206748cae86fb94-8f25d700e153aa340b81.js","size":16628},{"name":"300432f9660e30c71feca5f329717fdadcf6e72e-4383517de0e178238761.js","size":38738},{"name":"component---src-pages-requests-index-js-07123c5f9af83c6e2355.js","size":11600}],"filteredAssets":0,"assetsSize":1097087,"filteredAuxiliaryAssets":48,"auxiliaryAssetsSize":6667052},"component---src-pages-requests-oc-[id]-index-js":{"name":"component---src-pages-requests-oc-[id]-index-js","assets":[{"name":"68c0a17d-a3d35e3a8b92c4857912.js","size":1557},{"name":"6682bd4c27354ee71cc4bcc2eb8d4625c5e00029-f7194bb51a53e08a12f0.js","size":78109},{"name":"component---src-pages-requests-oc-[id]-index-js-4ea88f226d47fbb45b23.js","size":4302}],"filteredAssets":0,"assetsSize":83968,"filteredAuxiliaryAssets":3,"auxiliaryAssetsSize":1254071},"component---src-pages-requests-oc-index-js":{"name":"component---src-pages-requests-oc-index-js","assets":[{"name":"styles.09bed93a319823b685e4.css","size":394394},{"name":"framework-af2feae2a0a1c92dbbc1.js","size":141435},{"name":"cb355538-7112204668dd9e88b9e1.js","size":1991},{"name":"fea29d9f-02f2154a7711d1ee0aba.js","size":1109},{"name":"92977076-431088af0970acb41717.js","size":758},{"name":"68c0a17d-a3d35e3a8b92c4857912.js","size":1557},{"name":"4577d2ec-eb9bae58c234c749bf30.js","size":974},{"name":"6682bd4c27354ee71cc4bcc2eb8d4625c5e00029-f7194bb51a53e08a12f0.js","size":78109},{"name":"a54b7b5c0e62b801f45bd44e7cc6116450dfbd76-e5c22fccee7322764797.js","size":93142},{"name":"69e684377f2bfa178f3e0e3edda4415391337097-6d803bfd7b2cb501ac8a.js","size":195544},{"name":"580e93ef2d7703232d5b2ca30c03d5b7396f4734-7fba08e90755a5e39b50.js","size":118819},{"name":"8c2eb4fb1d7e9230e05d414290410abc47b25875-560d69a15f763576302d.js","size":5886},{"name":"928b48eb24f45eaa4e9be56e8206748cae86fb94-8f25d700e153aa340b81.js","size":16628},{"name":"300432f9660e30c71feca5f329717fdadcf6e72e-4383517de0e178238761.js","size":38738},{"name":"component---src-pages-requests-oc-index-js-dde9c38c485761d40b5e.js","size":41199}],"filteredAssets":0,"assetsSize":1130283,"filteredAuxiliaryAssets":50,"auxiliaryAssetsSize":9240929},"component---src-pages-requests-oc-reception-delete-jsx":{"name":"component---src-pages-requests-oc-reception-delete-jsx","assets":[{"name":"cb355538-7112204668dd9e88b9e1.js","size":1991},{"name":"component---src-pages-requests-oc-reception-delete-jsx-e5af649bdb26f3bb64a7.js","size":1857}],"filteredAssets":0,"assetsSize":3848,"filteredAuxiliaryAssets":2,"auxiliaryAssetsSize":1414415},"component---src-pages-requests-oc-reception-enable-jsx":{"name":"component---src-pages-requests-oc-reception-enable-jsx","assets":[{"name":"component---src-pages-requests-oc-reception-enable-jsx-7a670bc4bbb25a427611.js","size":9302}],"filteredAssets":0,"assetsSize":9302,"filteredAuxiliaryAssets":1,"auxiliaryAssetsSize":31719},"component---src-pages-requests-oc-reception-index-js":{"name":"component---src-pages-requests-oc-reception-index-js","assets":[{"name":"cb355538-7112204668dd9e88b9e1.js","size":1991},{"name":"6682bd4c27354ee71cc4bcc2eb8d4625c5e00029-f7194bb51a53e08a12f0.js","size":78109},{"name":"a54b7b5c0e62b801f45bd44e7cc6116450dfbd76-e5c22fccee7322764797.js","size":93142},{"name":"69e684377f2bfa178f3e0e3edda4415391337097-6d803bfd7b2cb501ac8a.js","size":195544},{"name":"component---src-pages-requests-oc-reception-index-js-734c78a5b1815a99a394.js","size":14830}],"filteredAssets":0,"assetsSize":383616,"filteredAuxiliaryAssets":5,"auxiliaryAssetsSize":3014761},"component---src-pages-send-email-index-js":{"name":"component---src-pages-send-email-index-js","assets":[{"name":"6682bd4c27354ee71cc4bcc2eb8d4625c5e00029-f7194bb51a53e08a12f0.js","size":78109},{"name":"a54b7b5c0e62b801f45bd44e7cc6116450dfbd76-e5c22fccee7322764797.js","size":93142},{"name":"69e684377f2bfa178f3e0e3edda4415391337097-6d803bfd7b2cb501ac8a.js","size":195544},{"name":"8c2eb4fb1d7e9230e05d414290410abc47b25875-560d69a15f763576302d.js","size":5886},{"name":"component---src-pages-send-email-index-js-d080bbffea8683e15757.js","size":3732}],"filteredAssets":0,"assetsSize":376413,"filteredAuxiliaryAssets":5,"auxiliaryAssetsSize":1605042},"component---src-pages-solicitud-index-js":{"name":"component---src-pages-solicitud-index-js","assets":[{"name":"styles.09bed93a319823b685e4.css","size":394394},{"name":"framework-af2feae2a0a1c92dbbc1.js","size":141435},{"name":"6682bd4c27354ee71cc4bcc2eb8d4625c5e00029-f7194bb51a53e08a12f0.js","size":78109},{"name":"a54b7b5c0e62b801f45bd44e7cc6116450dfbd76-e5c22fccee7322764797.js","size":93142},{"name":"580e93ef2d7703232d5b2ca30c03d5b7396f4734-7fba08e90755a5e39b50.js","size":118819},{"name":"928b48eb24f45eaa4e9be56e8206748cae86fb94-8f25d700e153aa340b81.js","size":16628},{"name":"dcecc6c2595922f2b46237d632642105852434c2-e395dcdbe35a5e8d4f0f.js","size":24479},{"name":"component---src-pages-solicitud-index-js-ed03eaace72d397e908c.js","size":9490}],"filteredAssets":0,"assetsSize":876496,"filteredAuxiliaryAssets":43,"auxiliaryAssetsSize":2336054},"component---src-pages-users-[id]-index-js":{"name":"component---src-pages-users-[id]-index-js","assets":[{"name":"6eb5140f-8187ae8b8b1e64df36cb.js","size":570},{"name":"6682bd4c27354ee71cc4bcc2eb8d4625c5e00029-f7194bb51a53e08a12f0.js","size":78109},{"name":"component---src-pages-users-[id]-index-js-5dbaa2b4af1ffb4bf53b.js","size":2224}],"filteredAssets":0,"assetsSize":80903,"filteredAuxiliaryAssets":3,"auxiliaryAssetsSize":691514},"component---src-pages-users-index-js":{"name":"component---src-pages-users-index-js","assets":[{"name":"styles.09bed93a319823b685e4.css","size":394394},{"name":"framework-af2feae2a0a1c92dbbc1.js","size":141435},{"name":"cb355538-7112204668dd9e88b9e1.js","size":1991},{"name":"2e3a845b-2e94e97b26a6efe934d7.js","size":925},{"name":"6682bd4c27354ee71cc4bcc2eb8d4625c5e00029-f7194bb51a53e08a12f0.js","size":78109},{"name":"a54b7b5c0e62b801f45bd44e7cc6116450dfbd76-e5c22fccee7322764797.js","size":93142},{"name":"69e684377f2bfa178f3e0e3edda4415391337097-6d803bfd7b2cb501ac8a.js","size":195544},{"name":"580e93ef2d7703232d5b2ca30c03d5b7396f4734-7fba08e90755a5e39b50.js","size":118819},{"name":"8c2eb4fb1d7e9230e05d414290410abc47b25875-560d69a15f763576302d.js","size":5886},{"name":"component---src-pages-users-index-js-c347134f587f157ce3db.js","size":14623}],"filteredAssets":0,"assetsSize":1044868,"filteredAuxiliaryAssets":45,"auxiliaryAssetsSize":5253682}},"assetsByChunkName":{"app":["webpack-runtime-63ef6b31f72040ad3c03.js","styles.09bed93a319823b685e4.css","framework-af2feae2a0a1c92dbbc1.js","019d026b-319aacfbf56d6808b0ba.js","app-52cc2a2585f30c2f1763.js"],"component---src-pages-404-js":["component---src-pages-404-js-66fd7f2874adcd913d0f.js"],"component---src-pages-bien-servicio-index-js":["styles.09bed93a319823b685e4.css","framework-af2feae2a0a1c92dbbc1.js","cb355538-7112204668dd9e88b9e1.js","6682bd4c27354ee71cc4bcc2eb8d4625c5e00029-f7194bb51a53e08a12f0.js","a54b7b5c0e62b801f45bd44e7cc6116450dfbd76-e5c22fccee7322764797.js","69e684377f2bfa178f3e0e3edda4415391337097-6d803bfd7b2cb501ac8a.js","580e93ef2d7703232d5b2ca30c03d5b7396f4734-7fba08e90755a5e39b50.js","component---src-pages-bien-servicio-index-js-e7ef00759af6014cbb6b.js"],"component---src-pages-cost-center-index-js":["styles.09bed93a319823b685e4.css","framework-af2feae2a0a1c92dbbc1.js","cb355538-7112204668dd9e88b9e1.js","6682bd4c27354ee71cc4bcc2eb8d4625c5e00029-f7194bb51a53e08a12f0.js","a54b7b5c0e62b801f45bd44e7cc6116450dfbd76-e5c22fccee7322764797.js","69e684377f2bfa178f3e0e3edda4415391337097-6d803bfd7b2cb501ac8a.js","580e93ef2d7703232d5b2ca30c03d5b7396f4734-7fba08e90755a5e39b50.js","component---src-pages-cost-center-index-js-b0e41b65e9c961c60e13.js"],"component---src-pages-dashboard-index-js":[],"component---src-pages-departament-index-js":["styles.09bed93a319823b685e4.css","framework-af2feae2a0a1c92dbbc1.js","cb355538-7112204668dd9e88b9e1.js","6682bd4c27354ee71cc4bcc2eb8d4625c5e00029-f7194bb51a53e08a12f0.js","a54b7b5c0e62b801f45bd44e7cc6116450dfbd76-e5c22fccee7322764797.js","69e684377f2bfa178f3e0e3edda4415391337097-6d803bfd7b2cb501ac8a.js","580e93ef2d7703232d5b2ca30c03d5b7396f4734-7fba08e90755a5e39b50.js","component---src-pages-departament-index-js-c9ed7c5b53de896a94cd.js"],"component---src-pages-detail-reception-index-jsx":["cb355538-7112204668dd9e88b9e1.js","6682bd4c27354ee71cc4bcc2eb8d4625c5e00029-f7194bb51a53e08a12f0.js","a54b7b5c0e62b801f45bd44e7cc6116450dfbd76-e5c22fccee7322764797.js","69e684377f2bfa178f3e0e3edda4415391337097-6d803bfd7b2cb501ac8a.js","8c2eb4fb1d7e9230e05d414290410abc47b25875-560d69a15f763576302d.js","928b48eb24f45eaa4e9be56e8206748cae86fb94-8f25d700e153aa340b81.js","dcecc6c2595922f2b46237d632642105852434c2-e395dcdbe35a5e8d4f0f.js","component---src-pages-detail-reception-index-jsx-ed8184aca141f1699545.js"],"component---src-pages-email-history-index-js":["fea29d9f-02f2154a7711d1ee0aba.js","4577d2ec-eb9bae58c234c749bf30.js","5d416436-bb3dd4fa69f955d0f89b.js","6682bd4c27354ee71cc4bcc2eb8d4625c5e00029-f7194bb51a53e08a12f0.js","a54b7b5c0e62b801f45bd44e7cc6116450dfbd76-e5c22fccee7322764797.js","69e684377f2bfa178f3e0e3edda4415391337097-6d803bfd7b2cb501ac8a.js","8c2eb4fb1d7e9230e05d414290410abc47b25875-560d69a15f763576302d.js","component---src-pages-email-history-index-js-0d22401d771bc509eda8.js"],"component---src-pages-index-js":["component---src-pages-index-js-f4e1c5687830372643d2.js"],"component---src-pages-liberadores-index-js":["styles.09bed93a319823b685e4.css","framework-af2feae2a0a1c92dbbc1.js","6682bd4c27354ee71cc4bcc2eb8d4625c5e00029-f7194bb51a53e08a12f0.js","a54b7b5c0e62b801f45bd44e7cc6116450dfbd76-e5c22fccee7322764797.js","69e684377f2bfa178f3e0e3edda4415391337097-6d803bfd7b2cb501ac8a.js","580e93ef2d7703232d5b2ca30c03d5b7396f4734-7fba08e90755a5e39b50.js","8c2eb4fb1d7e9230e05d414290410abc47b25875-560d69a15f763576302d.js","component---src-pages-liberadores-index-js-23107301cca40088fef6.js"],"component---src-pages-order-statistics-index-js":["styles.09bed93a319823b685e4.css","framework-af2feae2a0a1c92dbbc1.js","cb355538-7112204668dd9e88b9e1.js","2e3a845b-2e94e97b26a6efe934d7.js","6682bd4c27354ee71cc4bcc2eb8d4625c5e00029-f7194bb51a53e08a12f0.js","a54b7b5c0e62b801f45bd44e7cc6116450dfbd76-e5c22fccee7322764797.js","69e684377f2bfa178f3e0e3edda4415391337097-6d803bfd7b2cb501ac8a.js","580e93ef2d7703232d5b2ca30c03d5b7396f4734-7fba08e90755a5e39b50.js","928b48eb24f45eaa4e9be56e8206748cae86fb94-8f25d700e153aa340b81.js","300432f9660e30c71feca5f329717fdadcf6e72e-4383517de0e178238761.js","component---src-pages-order-statistics-index-js-608f0db56293905b93cf.js"],"component---src-pages-providers-[id]-index-js":["6eb5140f-8187ae8b8b1e64df36cb.js","6682bd4c27354ee71cc4bcc2eb8d4625c5e00029-f7194bb51a53e08a12f0.js","component---src-pages-providers-[id]-index-js-9dade4aaeb5fc7a4faa6.js"],"component---src-pages-providers-index-js":["styles.09bed93a319823b685e4.css","framework-af2feae2a0a1c92dbbc1.js","cb355538-7112204668dd9e88b9e1.js","2e3a845b-2e94e97b26a6efe934d7.js","6682bd4c27354ee71cc4bcc2eb8d4625c5e00029-f7194bb51a53e08a12f0.js","a54b7b5c0e62b801f45bd44e7cc6116450dfbd76-e5c22fccee7322764797.js","69e684377f2bfa178f3e0e3edda4415391337097-6d803bfd7b2cb501ac8a.js","580e93ef2d7703232d5b2ca30c03d5b7396f4734-7fba08e90755a5e39b50.js","8c2eb4fb1d7e9230e05d414290410abc47b25875-560d69a15f763576302d.js","928b48eb24f45eaa4e9be56e8206748cae86fb94-8f25d700e153aa340b81.js","300432f9660e30c71feca5f329717fdadcf6e72e-4383517de0e178238761.js","component---src-pages-providers-index-js-6484c347837ceec58009.js"],"component---src-pages-replacements-index-js":["styles.09bed93a319823b685e4.css","framework-af2feae2a0a1c92dbbc1.js","92977076-431088af0970acb41717.js","6682bd4c27354ee71cc4bcc2eb8d4625c5e00029-f7194bb51a53e08a12f0.js","a54b7b5c0e62b801f45bd44e7cc6116450dfbd76-e5c22fccee7322764797.js","69e684377f2bfa178f3e0e3edda4415391337097-6d803bfd7b2cb501ac8a.js","580e93ef2d7703232d5b2ca30c03d5b7396f4734-7fba08e90755a5e39b50.js","8c2eb4fb1d7e9230e05d414290410abc47b25875-560d69a15f763576302d.js","component---src-pages-replacements-index-js-8c8ffb649567ece19580.js"],"component---src-pages-requests-index-js":["styles.09bed93a319823b685e4.css","framework-af2feae2a0a1c92dbbc1.js","2e3a845b-2e94e97b26a6efe934d7.js","fea29d9f-02f2154a7711d1ee0aba.js","92977076-431088af0970acb41717.js","6682bd4c27354ee71cc4bcc2eb8d4625c5e00029-f7194bb51a53e08a12f0.js","a54b7b5c0e62b801f45bd44e7cc6116450dfbd76-e5c22fccee7322764797.js","69e684377f2bfa178f3e0e3edda4415391337097-6d803bfd7b2cb501ac8a.js","580e93ef2d7703232d5b2ca30c03d5b7396f4734-7fba08e90755a5e39b50.js","8c2eb4fb1d7e9230e05d414290410abc47b25875-560d69a15f763576302d.js","928b48eb24f45eaa4e9be56e8206748cae86fb94-8f25d700e153aa340b81.js","300432f9660e30c71feca5f329717fdadcf6e72e-4383517de0e178238761.js","component---src-pages-requests-index-js-07123c5f9af83c6e2355.js"],"component---src-pages-requests-oc-[id]-index-js":["68c0a17d-a3d35e3a8b92c4857912.js","6682bd4c27354ee71cc4bcc2eb8d4625c5e00029-f7194bb51a53e08a12f0.js","component---src-pages-requests-oc-[id]-index-js-4ea88f226d47fbb45b23.js"],"component---src-pages-requests-oc-index-js":["styles.09bed93a319823b685e4.css","framework-af2feae2a0a1c92dbbc1.js","cb355538-7112204668dd9e88b9e1.js","fea29d9f-02f2154a7711d1ee0aba.js","92977076-431088af0970acb41717.js","68c0a17d-a3d35e3a8b92c4857912.js","4577d2ec-eb9bae58c234c749bf30.js","6682bd4c27354ee71cc4bcc2eb8d4625c5e00029-f7194bb51a53e08a12f0.js","a54b7b5c0e62b801f45bd44e7cc6116450dfbd76-e5c22fccee7322764797.js","69e684377f2bfa178f3e0e3edda4415391337097-6d803bfd7b2cb501ac8a.js","580e93ef2d7703232d5b2ca30c03d5b7396f4734-7fba08e90755a5e39b50.js","8c2eb4fb1d7e9230e05d414290410abc47b25875-560d69a15f763576302d.js","928b48eb24f45eaa4e9be56e8206748cae86fb94-8f25d700e153aa340b81.js","300432f9660e30c71feca5f329717fdadcf6e72e-4383517de0e178238761.js","component---src-pages-requests-oc-index-js-dde9c38c485761d40b5e.js"],"component---src-pages-requests-oc-reception-delete-jsx":["cb355538-7112204668dd9e88b9e1.js","component---src-pages-requests-oc-reception-delete-jsx-e5af649bdb26f3bb64a7.js"],"component---src-pages-requests-oc-reception-enable-jsx":["component---src-pages-requests-oc-reception-enable-jsx-7a670bc4bbb25a427611.js"],"component---src-pages-requests-oc-reception-index-js":["cb355538-7112204668dd9e88b9e1.js","6682bd4c27354ee71cc4bcc2eb8d4625c5e00029-f7194bb51a53e08a12f0.js","a54b7b5c0e62b801f45bd44e7cc6116450dfbd76-e5c22fccee7322764797.js","69e684377f2bfa178f3e0e3edda4415391337097-6d803bfd7b2cb501ac8a.js","component---src-pages-requests-oc-reception-index-js-734c78a5b1815a99a394.js"],"component---src-pages-send-email-index-js":["6682bd4c27354ee71cc4bcc2eb8d4625c5e00029-f7194bb51a53e08a12f0.js","a54b7b5c0e62b801f45bd44e7cc6116450dfbd76-e5c22fccee7322764797.js","69e684377f2bfa178f3e0e3edda4415391337097-6d803bfd7b2cb501ac8a.js","8c2eb4fb1d7e9230e05d414290410abc47b25875-560d69a15f763576302d.js","component---src-pages-send-email-index-js-d080bbffea8683e15757.js"],"component---src-pages-solicitud-index-js":["styles.09bed93a319823b685e4.css","framework-af2feae2a0a1c92dbbc1.js","6682bd4c27354ee71cc4bcc2eb8d4625c5e00029-f7194bb51a53e08a12f0.js","a54b7b5c0e62b801f45bd44e7cc6116450dfbd76-e5c22fccee7322764797.js","580e93ef2d7703232d5b2ca30c03d5b7396f4734-7fba08e90755a5e39b50.js","928b48eb24f45eaa4e9be56e8206748cae86fb94-8f25d700e153aa340b81.js","dcecc6c2595922f2b46237d632642105852434c2-e395dcdbe35a5e8d4f0f.js","component---src-pages-solicitud-index-js-ed03eaace72d397e908c.js"],"component---src-pages-users-[id]-index-js":["6eb5140f-8187ae8b8b1e64df36cb.js","6682bd4c27354ee71cc4bcc2eb8d4625c5e00029-f7194bb51a53e08a12f0.js","component---src-pages-users-[id]-index-js-5dbaa2b4af1ffb4bf53b.js"],"component---src-pages-users-index-js":["styles.09bed93a319823b685e4.css","framework-af2feae2a0a1c92dbbc1.js","cb355538-7112204668dd9e88b9e1.js","2e3a845b-2e94e97b26a6efe934d7.js","6682bd4c27354ee71cc4bcc2eb8d4625c5e00029-f7194bb51a53e08a12f0.js","a54b7b5c0e62b801f45bd44e7cc6116450dfbd76-e5c22fccee7322764797.js","69e684377f2bfa178f3e0e3edda4415391337097-6d803bfd7b2cb501ac8a.js","580e93ef2d7703232d5b2ca30c03d5b7396f4734-7fba08e90755a5e39b50.js","8c2eb4fb1d7e9230e05d414290410abc47b25875-560d69a15f763576302d.js","component---src-pages-users-index-js-c347134f587f157ce3db.js"]},"childAssetsByChunkName":{}}